1163.jpg,91
1164.jpg,91
1525.jpg,58
1526.jpg,3
1541.jpg,5
1542.jpg,5
1543.jpg,6
1544.jpg,7
1545.jpg,9
1546.jpg,9
1547.jpg,10
1548.jpg,11
1549.jpg,9
1550.jpg,13
1551.jpg,14
1552.jpg,14
1553.jpg,16
1554.jpg,18
1555.jpg,18
1556.jpg,19
1557.jpg,19
1558.jpg,21
1559.jpg,22
1565.jpg,23
1571.jpg,24
1587.jpg,25
1590.jpg,26
1591.jpg,27
1592.jpg,28
1594.jpg,24
1596.jpg,21
1597.jpg,31
1598.jpg,32
1599.jpg,33
1618.jpg,34
1623.jpg,35
1624.jpg,36
1626.jpg,38
1627.jpg,38
1628.jpg,39
1634.jpg,62
1635.jpg,61
1636.jpg,42
1637.jpg,43
1638.jpg,44
1641.jpg,45
1642.jpg,85
1644.jpg,93
1645.jpg,48
1646.jpg,49
1647.jpg,50
1648.jpg,22
1649.jpg,61
1653.jpg,53
1654.jpg,70
1656.jpg,35
1657.jpg,56
1658.jpg,94
1697.jpg,58
1727.jpg,59
1728.jpg,5
1729.jpg,61
1730.jpg,62
1731.jpg,45
1782.jpg,64
1783.jpg,80
1784.jpg,66
1785.jpg,67
1786.jpg,68
1787.jpg,69
1788.jpg,70
1789.jpg,71
1791.jpg,73
1792.jpg,75
1793.jpg,74
1794.jpg,75
1795.jpg,73
1800.jpg,77
1801.jpg,78
1802.jpg,79
1805.jpg,80
1806.jpg,80
1808.jpg,21
1827.jpg,83
1828.jpg,87
1831.jpg,85
1832.jpg,86
1833.jpg,87
1836.jpg,88
1841.jpg,90
1842.jpg,90
1909.jpg,91
1910.jpg,92
1911.jpg,93
1912.jpg,1
1913.jpg,91
1915.jpg,21
1916.jpg,26
1917.jpg,60
1918.jpg,99
1919.jpg,59
1920.jpg,87
1925.jpg,19
1927.jpg,73
1929.jpg,62
1930.jpg,73
1932.jpg,79
1933.jpg,19
1934.jpg,73
1935.jpg,19
1936.jpg,19
1937.jpg,62
1939.jpg,99
1941.jpg,99
1943.jpg,89
1951.jpg,28
1962.jpg,45
1963.jpg,67
1964.jpg,24
1999.jpg,27
2197.jpg,68
2198.jpg,56
2199.jpg,61
2208.jpg,10
2211.jpg,65
2213.jpg,80
2214.jpg,76
2215.jpg,65
2216.jpg,76
2217.jpg,76
2218.jpg,80
2219.jpg,26
2220.jpg,80
2221.jpg,73
2222.jpg,80
2223.jpg,57
2224.jpg,65
2225.jpg,80
2227.jpg,65
2228.jpg,35
2230.jpg,80
2231.jpg,80
2233.jpg,80
2235.jpg,65
2238.jpg,52
2246.jpg,73
2248.jpg,60
2249.jpg,36
2250.jpg,60
2251.jpg,25
2255.jpg,57
2260.jpg,92
2261.jpg,36
2262.jpg,36
2263.jpg,36
2264.jpg,73
2265.jpg,94
2266.jpg,91
2267.jpg,47
2268.jpg,92
2269.jpg,91
2270.jpg,91
2271.jpg,91
2272.jpg,94
2273.jpg,91
2274.jpg,1
2275.jpg,91
2276.jpg,91
2278.jpg,94
2279.jpg,93
2280.jpg,91
2282.jpg,92
2283.jpg,92
2284.jpg,91
2285.jpg,93
2286.jpg,57
2287.jpg,1
2288.jpg,92
2289.jpg,93
2290.jpg,93
2291.jpg,94
2292.jpg,92
2293.jpg,47
2294.jpg,93
2295.jpg,91
2296.jpg,91
2297.jpg,1
2298.jpg,91
2299.jpg,93
2300.jpg,94
2301.jpg,1
2302.jpg,1
2303.jpg,47
2304.jpg,91
2305.jpg,94
2306.jpg,57
2307.jpg,94
2309.jpg,93
2310.jpg,91
2311.jpg,93
2312.jpg,94
2313.jpg,55
2314.jpg,93
2315.jpg,93
2316.jpg,91
2318.jpg,91
2320.jpg,93
2322.jpg,1
2351.jpg,69
2353.jpg,66
2354.jpg,14
2355.jpg,39
2356.jpg,39
2357.jpg,21
2358.jpg,35
2359.jpg,35
2360.jpg,35
2361.jpg,35
2362.jpg,35
2363.jpg,19
2364.jpg,35
2365.jpg,99
2366.jpg,73
2367.jpg,40
2368.jpg,54
2369.jpg,40
2370.jpg,54
2371.jpg,54
2372.jpg,54
2373.jpg,54
2374.jpg,40
2375.jpg,54
2376.jpg,40
2377.jpg,41
2378.jpg,54
2379.jpg,54
2380.jpg,54
2381.jpg,40
2382.jpg,40
2383.jpg,40
2384.jpg,54
2385.jpg,40
2387.jpg,54
2388.jpg,97
2389.jpg,69
2390.jpg,40
2391.jpg,54
2393.jpg,97
2394.jpg,54
2396.jpg,40
2397.jpg,40
2398.jpg,40
2399.jpg,54
2467.jpg,35
2474.jpg,84
2477.jpg,67
2487.jpg,80
2488.jpg,10
2489.jpg,70
2490.jpg,24
2494.jpg,52
2495.jpg,56
2496.jpg,56
2497.jpg,26
2498.jpg,59
2499.jpg,61
2500.jpg,59
2501.jpg,61
2502.jpg,59
2503.jpg,61
2504.jpg,24
2505.jpg,26
2506.jpg,59
2507.jpg,9
2508.jpg,41
2509.jpg,59
2510.jpg,59
2511.jpg,56
2540.jpg,59
2541.jpg,59
2542.jpg,9
2543.jpg,63
2544.jpg,63
2545.jpg,63
2546.jpg,52
2547.jpg,4
2548.jpg,52
2549.jpg,60
2550.jpg,52
2551.jpg,52
2552.jpg,52
2553.jpg,60
2558.jpg,57
2572.jpg,57
2574.jpg,27
2578.jpg,27
2579.jpg,27
2580.jpg,27
2582.jpg,35
2584.jpg,57
2585.jpg,35
2589.jpg,35
2590.jpg,27
2608.jpg,9
2609.jpg,29
2610.jpg,98
2611.jpg,9
2612.jpg,52
2613.jpg,9
2614.jpg,9
2615.jpg,91
2616.jpg,9
2617.jpg,91
2618.jpg,9
2619.jpg,1
2620.jpg,1
2621.jpg,91
2622.jpg,1
2623.jpg,25
2624.jpg,98
2625.jpg,9
2626.jpg,41
2627.jpg,9
2628.jpg,63
2629.jpg,98
2630.jpg,63
2631.jpg,41
2632.jpg,9
2633.jpg,40
2634.jpg,29
2635.jpg,52
2636.jpg,52
2637.jpg,54
2638.jpg,97
2639.jpg,53
2640.jpg,97
2641.jpg,41
2642.jpg,54
2644.jpg,32
2645.jpg,99
2647.jpg,33
2648.jpg,33
2649.jpg,31
2650.jpg,33
2651.jpg,77
2653.jpg,31
2654.jpg,33
2655.jpg,33
2656.jpg,36
2657.jpg,31
2658.jpg,99
2659.jpg,32
2661.jpg,22
2662.jpg,37
2663.jpg,63
2664.jpg,89
2665.jpg,37
2666.jpg,31
2667.jpg,72
2668.jpg,99
2669.jpg,31
2670.jpg,31
2671.jpg,55
2672.jpg,55
2673.jpg,72
2691.jpg,22
2693.jpg,94
2694.jpg,47
2695.jpg,1
2697.jpg,51
2699.jpg,51
2700.jpg,0
2701.jpg,0
2702.jpg,55
2703.jpg,94
2704.jpg,51
2705.jpg,51
2706.jpg,51
2707.jpg,51
2708.jpg,51
2710.jpg,51
2711.jpg,51
2712.jpg,51
2714.jpg,95
2715.jpg,55
2716.jpg,55
2717.jpg,51
2718.jpg,51
2719.jpg,27
2720.jpg,27
2722.jpg,51
2724.jpg,1
2727.jpg,0
2728.jpg,51
2730.jpg,47
2732.jpg,0
2737.jpg,47
2738.jpg,94
2740.jpg,51
2741.jpg,51
2742.jpg,51
2744.jpg,51
2746.jpg,94
2800.jpg,53
2801.jpg,29
2802.jpg,53
2803.jpg,53
2805.jpg,25
2807.jpg,79
2809.jpg,62
2812.jpg,59
2814.jpg,87
2817.jpg,54
2820.jpg,53
2821.jpg,53
2822.jpg,26
2823.jpg,97
2824.jpg,54
2825.jpg,26
2826.jpg,97
2827.jpg,97
2828.jpg,61
2830.jpg,61
2831.jpg,61
2832.jpg,61
2833.jpg,97
2834.jpg,40
2869.jpg,61
2870.jpg,41
2872.jpg,9
2874.jpg,65
2876.jpg,65
2877.jpg,52
2878.jpg,98
2879.jpg,25
2880.jpg,25
2882.jpg,60
2885.jpg,79
2886.jpg,9
2887.jpg,25
2888.jpg,40
2889.jpg,79
2890.jpg,41
2892.jpg,63
2893.jpg,53
2894.jpg,61
2895.jpg,25
2897.jpg,25
2899.jpg,25
2900.jpg,25
2901.jpg,98
2903.jpg,25
2910.jpg,25
2912.jpg,25
2963.jpg,24
2964.jpg,24
2965.jpg,24
2966.jpg,71
2967.jpg,61
2987.jpg,53
2988.jpg,26
2994.jpg,29
3042.jpg,93
3043.jpg,9
3089.jpg,72
3134.jpg,29
3135.jpg,25
3136.jpg,65
3137.jpg,63
3139.jpg,29
3140.jpg,41
3141.jpg,29
3150.jpg,88
3151.jpg,90
3152.jpg,67
3154.jpg,62
3159.jpg,67
3160.jpg,68
3161.jpg,56
3162.jpg,66
3163.jpg,83
3165.jpg,88
3167.jpg,24
3168.jpg,67
3170.jpg,24
3171.jpg,85
3175.jpg,26
3177.jpg,69
3178.jpg,70
3181.jpg,84
3182.jpg,90
3183.jpg,4
3186.jpg,68
3187.jpg,45
3212.jpg,24
3213.jpg,24
3214.jpg,25
3215.jpg,24
3216.jpg,29
3218.jpg,97
3219.jpg,26
3220.jpg,62
3221.jpg,88
3223.jpg,88
3225.jpg,59
3226.jpg,62
3227.jpg,5
3228.jpg,40
3229.jpg,62
3230.jpg,24
3231.jpg,70
3232.jpg,86
3235.jpg,41
3236.jpg,41
3237.jpg,41
3238.jpg,26
3239.jpg,24
3240.jpg,71
3241.jpg,26
3242.jpg,86
3243.jpg,62
3245.jpg,59
3246.jpg,59
3247.jpg,88
3248.jpg,59
3249.jpg,25
3250.jpg,41
3251.jpg,71
3252.jpg,86
3253.jpg,86
3254.jpg,41
3255.jpg,25
3256.jpg,26
3257.jpg,70
3258.jpg,24
3259.jpg,61
3293.jpg,68
3294.jpg,83
3295.jpg,68
3296.jpg,67
3297.jpg,66
3298.jpg,45
3299.jpg,83
3300.jpg,87
3301.jpg,83
3302.jpg,87
3303.jpg,87
3304.jpg,83
3305.jpg,87
3306.jpg,87
3307.jpg,87
3308.jpg,87
3309.jpg,83
3310.jpg,70
3311.jpg,90
3312.jpg,5
3313.jpg,1
3314.jpg,1
3315.jpg,95
3318.jpg,47
3319.jpg,47
3320.jpg,92
3321.jpg,92
3322.jpg,47
3323.jpg,93
3324.jpg,93
3325.jpg,47
3327.jpg,47
3328.jpg,93
3329.jpg,95
3330.jpg,93
3332.jpg,47
3333.jpg,73
3334.jpg,3
3335.jpg,35
3336.jpg,95
3338.jpg,1
3340.jpg,35
3341.jpg,95
3366.jpg,87
3367.jpg,87
3370.jpg,66
3371.jpg,87
3372.jpg,87
3373.jpg,87
3374.jpg,83
3375.jpg,83
3376.jpg,86
3378.jpg,87
3381.jpg,32
3382.jpg,32
3384.jpg,32
3385.jpg,32
3386.jpg,32
3387.jpg,33
3389.jpg,33
3390.jpg,33
3391.jpg,33
3393.jpg,31
3395.jpg,99
3396.jpg,99
3397.jpg,99
3398.jpg,89
3399.jpg,89
3400.jpg,33
3401.jpg,33
3402.jpg,99
3404.jpg,33
3405.jpg,33
3406.jpg,31
3436.jpg,35
3440.jpg,27
3442.jpg,95
3446.jpg,51
3447.jpg,92
3448.jpg,93
3449.jpg,35
3450.jpg,35
3451.jpg,95
3452.jpg,86
3453.jpg,67
3454.jpg,84
3455.jpg,84
3456.jpg,70
3457.jpg,84
3458.jpg,66
3459.jpg,84
3460.jpg,34
3461.jpg,84
3462.jpg,90
3463.jpg,84
3466.jpg,70
3467.jpg,59
3468.jpg,76
3470.jpg,78
3471.jpg,35
3472.jpg,21
3473.jpg,21
3474.jpg,20
3475.jpg,73
3481.jpg,57
3482.jpg,57
3483.jpg,57
3484.jpg,27
3487.jpg,65
3488.jpg,62
3489.jpg,62
3490.jpg,63
3491.jpg,65
3492.jpg,61
3493.jpg,54
3496.jpg,62
3497.jpg,25
3498.jpg,61
3500.jpg,84
3501.jpg,90
3503.jpg,65
3504.jpg,98
3505.jpg,70
3506.jpg,68
3507.jpg,27
3509.jpg,25
3510.jpg,57
3545.jpg,59
3546.jpg,26
3547.jpg,26
35476.jpg,97
35477.jpg,54
35478.jpg,97
35479.jpg,97
35481.jpg,97
35482.jpg,54
35483.jpg,54
35484.jpg,97
35486.jpg,68
35488.jpg,40
35489.jpg,54
3549.jpg,68
35490.jpg,54
35491.jpg,40
35492.jpg,54
35493.jpg,54
35496.jpg,65
35497.jpg,66
3550.jpg,53
35501.jpg,62
35504.jpg,65
35506.jpg,65
3551.jpg,40
35511.jpg,65
3552.jpg,40
35521.jpg,25
35523.jpg,63
35525.jpg,29
35529.jpg,63
3553.jpg,40
35530.jpg,63
35531.jpg,41
35532.jpg,60
35533.jpg,41
35534.jpg,25
35535.jpg,63
35537.jpg,98
35538.jpg,41
35539.jpg,98
3554.jpg,26
35540.jpg,98
35541.jpg,98
35542.jpg,98
35543.jpg,25
35545.jpg,98
35546.jpg,63
35552.jpg,41
35554.jpg,41
35555.jpg,63
35556.jpg,4
35558.jpg,63
3556.jpg,53
35560.jpg,63
35561.jpg,98
35562.jpg,63
35563.jpg,29
35564.jpg,54
35565.jpg,40
35566.jpg,97
35567.jpg,97
35568.jpg,54
3557.jpg,88
35570.jpg,54
35571.jpg,26
35573.jpg,60
35574.jpg,60
35575.jpg,30
35578.jpg,60
35579.jpg,60
3558.jpg,53
35582.jpg,62
35586.jpg,53
35587.jpg,53
35588.jpg,65
35589.jpg,65
3559.jpg,29
35590.jpg,65
35591.jpg,65
35592.jpg,65
3560.jpg,29
3561.jpg,53
35625.jpg,65
35626.jpg,65
3563.jpg,26
35632.jpg,62
35633.jpg,52
35635.jpg,52
3564.jpg,53
35641.jpg,62
35643.jpg,54
35644.jpg,6
35645.jpg,62
35646.jpg,63
35647.jpg,98
35648.jpg,65
35649.jpg,65
3565.jpg,53
35650.jpg,54
35651.jpg,97
35652.jpg,97
35653.jpg,40
35654.jpg,54
35655.jpg,53
35656.jpg,6
35657.jpg,97
35658.jpg,54
35659.jpg,97
3566.jpg,83
35660.jpg,62
35661.jpg,63
35662.jpg,25
35663.jpg,29
35664.jpg,29
35665.jpg,25
35666.jpg,29
35667.jpg,29
35668.jpg,29
35669.jpg,6
3567.jpg,66
35670.jpg,40
35671.jpg,59
35673.jpg,61
35674.jpg,54
35675.jpg,61
35676.jpg,86
35677.jpg,59
35678.jpg,59
35679.jpg,6
35680.jpg,40
35681.jpg,40
35682.jpg,40
35683.jpg,40
35684.jpg,24
35685.jpg,41
35686.jpg,61
35687.jpg,86
35688.jpg,6
35689.jpg,61
3569.jpg,63
35690.jpg,86
35691.jpg,53
35692.jpg,59
35693.jpg,59
35694.jpg,67
35695.jpg,86
35696.jpg,88
35697.jpg,24
35698.jpg,62
35699.jpg,62
3570.jpg,53
35700.jpg,70
35701.jpg,70
35702.jpg,60
35703.jpg,60
35704.jpg,62
35705.jpg,87
35706.jpg,24
35707.jpg,86
35708.jpg,6
35709.jpg,67
35710.jpg,46
35711.jpg,67
35712.jpg,67
35713.jpg,62
35714.jpg,87
35716.jpg,87
35720.jpg,65
35725.jpg,71
3574.jpg,29
3575.jpg,65
35755.jpg,5
3576.jpg,65
3577.jpg,65
35777.jpg,62
3578.jpg,65
35782.jpg,41
35783.jpg,25
35784.jpg,25
35785.jpg,41
35786.jpg,25
35787.jpg,25
35788.jpg,98
3579.jpg,83
35792.jpg,98
35793.jpg,98
35794.jpg,25
35796.jpg,98
35797.jpg,98
35798.jpg,98
35799.jpg,41
3580.jpg,84
35800.jpg,29
35801.jpg,98
35802.jpg,63
35803.jpg,98
35806.jpg,63
35807.jpg,98
35808.jpg,29
35809.jpg,41
3581.jpg,65
35810.jpg,98
35811.jpg,98
35813.jpg,63
35814.jpg,63
35815.jpg,9
35816.jpg,29
35817.jpg,25
35818.jpg,41
35819.jpg,25
3582.jpg,52
35820.jpg,25
35821.jpg,98
35826.jpg,24
35827.jpg,68
35828.jpg,12
3583.jpg,52
3584.jpg,92
35845.jpg,70
35846.jpg,5
35848.jpg,70
3585.jpg,59
3586.jpg,26
3587.jpg,61
35873.jpg,0
35874.jpg,0
35875.jpg,0
35876.jpg,0
35877.jpg,0
35878.jpg,95
35879.jpg,95
3588.jpg,61
35880.jpg,55
35881.jpg,0
35882.jpg,0
35883.jpg,0
35884.jpg,95
35885.jpg,0
35886.jpg,1
35887.jpg,0
35888.jpg,0
35889.jpg,0
3589.jpg,24
35890.jpg,95
35891.jpg,0
35892.jpg,55
35893.jpg,0
35894.jpg,95
35895.jpg,0
35896.jpg,0
35897.jpg,32
35898.jpg,31
35899.jpg,31
3590.jpg,61
35900.jpg,99
35901.jpg,32
35902.jpg,32
35903.jpg,32
35905.jpg,72
35907.jpg,32
35908.jpg,32
35909.jpg,32
3591.jpg,61
35910.jpg,31
35911.jpg,31
35912.jpg,31
35913.jpg,31
35915.jpg,99
35916.jpg,33
35917.jpg,33
35918.jpg,99
3592.jpg,59
35923.jpg,72
35925.jpg,72
35927.jpg,72
35928.jpg,41
3593.jpg,59
35930.jpg,26
35931.jpg,26
35932.jpg,62
35933.jpg,26
35934.jpg,67
35935.jpg,90
35936.jpg,62
35937.jpg,62
35938.jpg,62
3594.jpg,61
3595.jpg,61
3596.jpg,61
3597.jpg,4
3598.jpg,95
3599.jpg,92
3601.jpg,93
3603.jpg,41
3604.jpg,61
3605.jpg,61
3606.jpg,59
3607.jpg,61
3608.jpg,61
3609.jpg,59
3610.jpg,61
3612.jpg,93
3613.jpg,0
3614.jpg,92
3615.jpg,35
3616.jpg,92
3617.jpg,91
3618.jpg,60
3619.jpg,52
3620.jpg,60
3621.jpg,52
3622.jpg,52
3623.jpg,60
3624.jpg,65
3625.jpg,98
3626.jpg,60
3627.jpg,65
3628.jpg,25
3629.jpg,60
3630.jpg,60
3631.jpg,98
3632.jpg,52
3633.jpg,65
3634.jpg,65
3635.jpg,70
3636.jpg,98
3637.jpg,26
3638.jpg,68
3639.jpg,24
3640.jpg,87
3641.jpg,34
3642.jpg,61
3643.jpg,61
3644.jpg,61
3645.jpg,61
3646.jpg,34
3647.jpg,68
3648.jpg,45
3649.jpg,88
3650.jpg,25
3651.jpg,26
3652.jpg,88
3654.jpg,24
3655.jpg,26
3656.jpg,10
3657.jpg,71
3658.jpg,88
3659.jpg,24
3660.jpg,66
3661.jpg,70
3662.jpg,34
3663.jpg,26
3664.jpg,69
3665.jpg,66
3666.jpg,34
3667.jpg,34
3668.jpg,68
3669.jpg,71
3670.jpg,70
3671.jpg,34
3672.jpg,34
3673.jpg,69
3674.jpg,62
3675.jpg,24
3676.jpg,56
3677.jpg,26
3688.jpg,45
3689.jpg,45
3690.jpg,34
3691.jpg,34
3692.jpg,43
3693.jpg,56
3694.jpg,4
3695.jpg,68
3696.jpg,54
3710.jpg,12
3720.jpg,12
3721.jpg,12
3728.jpg,1
3729.jpg,1
3730.jpg,95
3731.jpg,1
3732.jpg,47
3733.jpg,93
3734.jpg,93
3735.jpg,1
3736.jpg,35
3737.jpg,35
3738.jpg,95
3739.jpg,35
3740.jpg,35
3741.jpg,95
3742.jpg,95
3743.jpg,95
3744.jpg,95
3745.jpg,95
3746.jpg,1
3795.jpg,59
3797.jpg,61
3798.jpg,59
3799.jpg,95
3800.jpg,95
3802.jpg,87
3804.jpg,87
3805.jpg,81
3806.jpg,91
3807.jpg,93
3808.jpg,61
3809.jpg,95
3810.jpg,1
3811.jpg,95
3812.jpg,88
3813.jpg,0
3814.jpg,0
3815.jpg,0
3816.jpg,47
3817.jpg,0
3818.jpg,95
3819.jpg,0
3820.jpg,0
3821.jpg,83
3822.jpg,10
3823.jpg,81
3824.jpg,81
3825.jpg,81
3826.jpg,81
3827.jpg,81
3828.jpg,65
3829.jpg,81
3830.jpg,81
3831.jpg,9
3832.jpg,81
3833.jpg,63
3834.jpg,41
3835.jpg,97
3836.jpg,40
3837.jpg,40
3838.jpg,25
3839.jpg,25
3840.jpg,25
3841.jpg,25
3842.jpg,25
3843.jpg,25
3851.jpg,47
3852.jpg,95
3853.jpg,0
3854.jpg,47
3855.jpg,47
3892.jpg,95
3893.jpg,95
3894.jpg,0
3895.jpg,0
3896.jpg,51
3897.jpg,0
3898.jpg,47
3899.jpg,0
3900.jpg,47
3901.jpg,22
3902.jpg,0
3903.jpg,0
3904.jpg,51
3906.jpg,57
3907.jpg,27
3908.jpg,57
3909.jpg,27
3910.jpg,57
3911.jpg,57
3912.jpg,57
3917.jpg,57
3918.jpg,57
3919.jpg,57
3920.jpg,57
3921.jpg,57
3922.jpg,27
3923.jpg,57
3996.jpg,29
3997.jpg,29
3998.jpg,52
4000.jpg,60
4001.jpg,52
4002.jpg,60
4003.jpg,52
4004.jpg,52
4005.jpg,60
4006.jpg,52
4007.jpg,39
4008.jpg,39
4009.jpg,39
4010.jpg,39
4011.jpg,39
4012.jpg,39
4013.jpg,39
4016.jpg,61
4017.jpg,61
4018.jpg,61
4019.jpg,59
4020.jpg,59
4021.jpg,71
4022.jpg,61
4023.jpg,61
4024.jpg,5
4025.jpg,71
4026.jpg,59
4027.jpg,59
4028.jpg,88
4037.jpg,1
4038.jpg,93
4039.jpg,35
4040.jpg,93
4041.jpg,1
4042.jpg,95
4043.jpg,86
4044.jpg,84
4045.jpg,45
4046.jpg,87
4047.jpg,45
4048.jpg,45
4049.jpg,43
4064.jpg,81
4065.jpg,81
4066.jpg,29
4067.jpg,81
4068.jpg,29
4069.jpg,53
4070.jpg,70
4071.jpg,59
4072.jpg,61
4073.jpg,59
4074.jpg,59
4075.jpg,61
4076.jpg,61
4077.jpg,59
4078.jpg,59
4097.jpg,92
4098.jpg,47
4099.jpg,91
4100.jpg,65
4101.jpg,65
4102.jpg,70
4103.jpg,65
4104.jpg,65
4105.jpg,65
4106.jpg,65
4107.jpg,65
4108.jpg,65
4109.jpg,65
4110.jpg,65
4111.jpg,62
4112.jpg,65
4113.jpg,24
4114.jpg,10
4117.jpg,61
4118.jpg,61
4119.jpg,87
4120.jpg,61
4121.jpg,61
4122.jpg,61
4123.jpg,61
4124.jpg,95
4126.jpg,61
4127.jpg,61
4128.jpg,59
4129.jpg,59
4130.jpg,61
4131.jpg,59
4132.jpg,61
4133.jpg,45
4134.jpg,87
4135.jpg,87
4136.jpg,83
4137.jpg,83
4138.jpg,45
4139.jpg,86
4140.jpg,83
4141.jpg,70
4142.jpg,87
4143.jpg,61
4144.jpg,83
4145.jpg,83
4146.jpg,83
4147.jpg,83
4148.jpg,71
4149.jpg,70
4150.jpg,84
4151.jpg,90
4152.jpg,46
4153.jpg,86
4154.jpg,88
4155.jpg,67
4156.jpg,68
4157.jpg,43
4158.jpg,24
4159.jpg,68
4163.jpg,90
4164.jpg,70
4166.jpg,70
4168.jpg,85
4169.jpg,79
4170.jpg,90
4171.jpg,83
4172.jpg,67
4173.jpg,67
4174.jpg,84
4175.jpg,45
4179.jpg,40
4180.jpg,40
4181.jpg,97
4183.jpg,97
4184.jpg,40
4186.jpg,55
4187.jpg,55
4188.jpg,0
4189.jpg,47
4190.jpg,0
4191.jpg,95
4192.jpg,95
4193.jpg,51
4198.jpg,95
4199.jpg,95
4200.jpg,95
4201.jpg,95
4202.jpg,95
4203.jpg,1
4204.jpg,1
4205.jpg,95
4206.jpg,0
4207.jpg,0
4208.jpg,95
4209.jpg,0
4210.jpg,0
4211.jpg,0
4212.jpg,0
4213.jpg,47
4214.jpg,0
4215.jpg,0
4216.jpg,0
4217.jpg,95
4218.jpg,47
4219.jpg,0
4266.jpg,41
4267.jpg,24
4268.jpg,84
4269.jpg,5
4270.jpg,97
4272.jpg,40
4274.jpg,40
4275.jpg,40
4276.jpg,40
4278.jpg,59
4279.jpg,97
4281.jpg,54
4283.jpg,54
4284.jpg,97
4286.jpg,59
4301.jpg,1
4302.jpg,95
4303.jpg,95
4304.jpg,95
4305.jpg,95
4306.jpg,95
4307.jpg,95
4308.jpg,93
4309.jpg,92
4310.jpg,95
4311.jpg,95
4312.jpg,95
4313.jpg,95
4314.jpg,1
4315.jpg,95
4316.jpg,95
4317.jpg,95
4318.jpg,95
4319.jpg,95
4320.jpg,95
4321.jpg,95
4322.jpg,95
4323.jpg,95
4324.jpg,95
4325.jpg,95
4326.jpg,95
4327.jpg,95
4328.jpg,95
4329.jpg,95
4330.jpg,95
4331.jpg,95
4332.jpg,71
4334.jpg,52
4336.jpg,68
4337.jpg,68
4338.jpg,86
4339.jpg,66
4340.jpg,71
4342.jpg,86
4343.jpg,71
4344.jpg,67
4345.jpg,66
4346.jpg,29
4436.jpg,52
4437.jpg,59
4438.jpg,61
4439.jpg,59
4440.jpg,61
4441.jpg,24
4443.jpg,61
4444.jpg,61
4445.jpg,71
4446.jpg,65
4447.jpg,65
4448.jpg,67
4449.jpg,35
4450.jpg,35
4451.jpg,57
4452.jpg,35
4453.jpg,35
4454.jpg,86
4455.jpg,59
4456.jpg,1
4457.jpg,95
4458.jpg,1
4459.jpg,92
4460.jpg,93
4461.jpg,92
4462.jpg,92
4464.jpg,47
4465.jpg,95
4466.jpg,67
4467.jpg,68
4468.jpg,66
4469.jpg,88
4470.jpg,90
4471.jpg,85
4472.jpg,67
4473.jpg,67
4474.jpg,87
4475.jpg,67
4476.jpg,70
4477.jpg,90
4478.jpg,84
4479.jpg,67
4480.jpg,26
4482.jpg,46
4483.jpg,71
4484.jpg,68
4485.jpg,86
4486.jpg,87
4487.jpg,86
4488.jpg,70
4489.jpg,45
4490.jpg,83
4491.jpg,24
4492.jpg,45
4493.jpg,66
4494.jpg,66
4495.jpg,5
4496.jpg,87
4497.jpg,45
4498.jpg,66
4499.jpg,88
4500.jpg,84
4501.jpg,59
4502.jpg,68
4503.jpg,66
4504.jpg,24
4505.jpg,24
4506.jpg,59
4507.jpg,45
4508.jpg,83
4509.jpg,59
4510.jpg,83
4511.jpg,83
4512.jpg,66
4513.jpg,86
4514.jpg,68
4515.jpg,70
4516.jpg,66
4517.jpg,54
4518.jpg,68
4519.jpg,68
4520.jpg,67
4521.jpg,88
4522.jpg,90
4523.jpg,67
4524.jpg,88
4525.jpg,24
4526.jpg,54
4527.jpg,86
4528.jpg,67
4529.jpg,67
4530.jpg,88
4531.jpg,62
4532.jpg,45
4533.jpg,70
4535.jpg,67
4536.jpg,88
4542.jpg,88
4543.jpg,84
4544.jpg,71
4545.jpg,24
4546.jpg,88
4547.jpg,68
4548.jpg,67
4549.jpg,88
4550.jpg,24
4551.jpg,26
4552.jpg,67
4553.jpg,24
4554.jpg,84
4555.jpg,24
4556.jpg,24
4557.jpg,24
4558.jpg,46
4559.jpg,61
4560.jpg,88
4561.jpg,67
4562.jpg,24
4563.jpg,70
4564.jpg,83
4565.jpg,83
4566.jpg,70
4567.jpg,60
4568.jpg,24
4569.jpg,24
4570.jpg,26
4571.jpg,83
4572.jpg,70
4573.jpg,87
4574.jpg,90
4575.jpg,67
4576.jpg,62
4577.jpg,41
4578.jpg,41
4579.jpg,83
4580.jpg,88
4582.jpg,3
4583.jpg,3
4584.jpg,3
4585.jpg,3
4586.jpg,73
4587.jpg,89
4588.jpg,3
4589.jpg,20
4590.jpg,20
4591.jpg,36
4592.jpg,36
4593.jpg,3
4594.jpg,19
4595.jpg,3
4596.jpg,78
4597.jpg,78
4599.jpg,89
4600.jpg,89
4601.jpg,19
4602.jpg,19
46025.jpg,17
46026.jpg,17
46027.jpg,17
46029.jpg,17
4603.jpg,32
46030.jpg,37
46031.jpg,17
46032.jpg,17
46034.jpg,17
46036.jpg,17
46039.jpg,17
4604.jpg,32
46040.jpg,17
46042.jpg,15
46044.jpg,15
46045.jpg,38
46046.jpg,15
46047.jpg,15
46048.jpg,38
46049.jpg,15
4605.jpg,3
46050.jpg,38
46051.jpg,17
46052.jpg,37
46054.jpg,12
46055.jpg,63
46057.jpg,37
46059.jpg,63
4606.jpg,77
46060.jpg,63
46066.jpg,12
46067.jpg,12
46068.jpg,8
46069.jpg,8
4607.jpg,3
46070.jpg,8
46071.jpg,8
46072.jpg,8
46073.jpg,8
46074.jpg,12
46075.jpg,8
46076.jpg,98
46077.jpg,65
46079.jpg,62
4608.jpg,3
46080.jpg,5
46081.jpg,65
46082.jpg,83
46083.jpg,68
46084.jpg,83
46086.jpg,24
46087.jpg,70
46089.jpg,70
4609.jpg,3
46090.jpg,62
46092.jpg,84
46093.jpg,65
46094.jpg,65
46095.jpg,60
46096.jpg,98
46098.jpg,29
46099.jpg,59
4610.jpg,36
46100.jpg,59
46101.jpg,60
46102.jpg,61
46103.jpg,60
46104.jpg,52
46105.jpg,52
46106.jpg,98
46107.jpg,60
46108.jpg,52
46109.jpg,52
4611.jpg,12
46110.jpg,52
46111.jpg,52
46112.jpg,61
46113.jpg,71
46114.jpg,61
46115.jpg,26
46116.jpg,26
46117.jpg,71
46118.jpg,61
4612.jpg,35
46122.jpg,37
46123.jpg,17
46124.jpg,15
46125.jpg,37
46126.jpg,37
46128.jpg,37
46129.jpg,37
4613.jpg,89
46130.jpg,37
46132.jpg,37
46133.jpg,37
46134.jpg,15
46135.jpg,37
46137.jpg,37
46139.jpg,37
4614.jpg,78
46140.jpg,17
46144.jpg,37
46145.jpg,37
46147.jpg,15
4615.jpg,31
46150.jpg,15
46151.jpg,15
46152.jpg,15
46153.jpg,37
46154.jpg,15
46155.jpg,37
46156.jpg,15
46158.jpg,17
46159.jpg,4
4616.jpg,22
46160.jpg,4
46162.jpg,15
46163.jpg,15
46164.jpg,15
46165.jpg,17
46167.jpg,37
46168.jpg,37
46169.jpg,37
4617.jpg,55
46170.jpg,37
46174.jpg,37
46175.jpg,37
46176.jpg,37
46177.jpg,37
46180.jpg,15
46182.jpg,15
46184.jpg,15
46185.jpg,15
46187.jpg,15
46188.jpg,15
46190.jpg,15
46192.jpg,15
46195.jpg,15
46198.jpg,15
46203.jpg,12
46205.jpg,63
46207.jpg,63
46208.jpg,63
46210.jpg,63
46212.jpg,63
46215.jpg,71
4625.jpg,5
4626.jpg,41
4627.jpg,5
4628.jpg,65
4630.jpg,52
4631.jpg,41
4632.jpg,68
4633.jpg,86
4634.jpg,68
4635.jpg,26
4636.jpg,69
4637.jpg,83
4638.jpg,84
4639.jpg,56
4640.jpg,62
4641.jpg,67
4642.jpg,45
4643.jpg,84
4644.jpg,83
4645.jpg,84
4646.jpg,65
4647.jpg,65
4648.jpg,65
4649.jpg,65
4650.jpg,87
4651.jpg,65
4652.jpg,65
4653.jpg,65
4654.jpg,65
4655.jpg,70
4656.jpg,65
4657.jpg,83
4658.jpg,98
4661.jpg,62
4662.jpg,88
4663.jpg,88
4664.jpg,2
4665.jpg,2
4666.jpg,2
4667.jpg,3
4668.jpg,3
4669.jpg,3
4670.jpg,3
4671.jpg,36
4672.jpg,20
4673.jpg,20
4674.jpg,36
4675.jpg,3
4676.jpg,3
4677.jpg,3
4678.jpg,36
4679.jpg,36
4680.jpg,73
4681.jpg,73
4682.jpg,3
4683.jpg,36
4684.jpg,73
4685.jpg,3
4686.jpg,73
4687.jpg,20
4688.jpg,19
4689.jpg,36
4690.jpg,2
4691.jpg,2
4692.jpg,2
4693.jpg,2
4694.jpg,2
4695.jpg,82
4696.jpg,2
4697.jpg,2
4698.jpg,2
4699.jpg,2
4700.jpg,2
4701.jpg,2
4702.jpg,82
4703.jpg,82
4704.jpg,82
4705.jpg,2
4706.jpg,2
4707.jpg,2
4708.jpg,2
4709.jpg,2
4710.jpg,2
4711.jpg,82
4712.jpg,82
4713.jpg,82
4714.jpg,2
4715.jpg,2
4716.jpg,82
4717.jpg,47
4718.jpg,0
4719.jpg,0
4720.jpg,0
4721.jpg,95
4722.jpg,47
4723.jpg,95
4724.jpg,0
4725.jpg,95
4726.jpg,1
4727.jpg,1
4728.jpg,95
4729.jpg,95
4730.jpg,95
4731.jpg,52
4732.jpg,52
4733.jpg,40
4734.jpg,40
4735.jpg,40
4736.jpg,24
4737.jpg,68
4738.jpg,24
4739.jpg,24
4740.jpg,26
4741.jpg,68
4742.jpg,61
4743.jpg,60
4818.jpg,27
4819.jpg,27
4825.jpg,57
4826.jpg,57
4827.jpg,57
4828.jpg,57
4829.jpg,57
4830.jpg,57
4831.jpg,57
4832.jpg,57
4833.jpg,57
4834.jpg,57
4835.jpg,57
4851.jpg,57
4852.jpg,59
4853.jpg,59
4854.jpg,66
4855.jpg,61
4856.jpg,87
4857.jpg,91
4858.jpg,1
4859.jpg,93
4860.jpg,92
4861.jpg,91
4867.jpg,91
4868.jpg,94
4869.jpg,94
4870.jpg,95
4871.jpg,95
4872.jpg,95
4873.jpg,95
4874.jpg,55
4875.jpg,55
4876.jpg,0
4877.jpg,0
4878.jpg,55
4879.jpg,55
4880.jpg,55
4881.jpg,1
4882.jpg,55
4883.jpg,55
4884.jpg,0
4885.jpg,0
4886.jpg,47
4887.jpg,47
4888.jpg,0
4889.jpg,0
4890.jpg,55
4891.jpg,55
4892.jpg,55
4893.jpg,55
4894.jpg,0
4895.jpg,0
4896.jpg,0
4897.jpg,0
4898.jpg,47
4899.jpg,47
4900.jpg,47
4901.jpg,47
4902.jpg,0
4903.jpg,0
4904.jpg,0
4905.jpg,0
4906.jpg,57
4907.jpg,0
4908.jpg,0
4909.jpg,0
4910.jpg,0
4911.jpg,0
4912.jpg,0
4913.jpg,0
4914.jpg,0
4915.jpg,1
4916.jpg,1
4917.jpg,47
4918.jpg,47
4919.jpg,47
4920.jpg,47
4921.jpg,47
4922.jpg,47
4923.jpg,51
4924.jpg,51
4925.jpg,0
4926.jpg,0
4927.jpg,22
4928.jpg,22
4929.jpg,22
4930.jpg,22
4931.jpg,51
4932.jpg,51
4933.jpg,51
4934.jpg,51
4935.jpg,51
4936.jpg,51
4937.jpg,94
4938.jpg,94
4939.jpg,57
4940.jpg,57
4941.jpg,91
4942.jpg,91
4943.jpg,94
4944.jpg,94
4945.jpg,0
4946.jpg,0
4947.jpg,94
4948.jpg,94
4949.jpg,27
4950.jpg,27
4952.jpg,27
4953.jpg,94
4954.jpg,94
4955.jpg,94
4956.jpg,94
4957.jpg,55
4958.jpg,55
4959.jpg,55
4960.jpg,55
4961.jpg,22
4962.jpg,22
4963.jpg,94
4964.jpg,94
4965.jpg,94
4966.jpg,94
4967.jpg,1
4968.jpg,1
4969.jpg,1
4970.jpg,1
4971.jpg,94
4972.jpg,94
4973.jpg,94
4974.jpg,94
4975.jpg,0
4976.jpg,0
4977.jpg,72
4978.jpg,72
4979.jpg,94
4980.jpg,22
4982.jpg,0
4983.jpg,51
4984.jpg,51
4985.jpg,34
4987.jpg,51
4988.jpg,51
4989.jpg,22
4990.jpg,51
4991.jpg,51
4992.jpg,51
4993.jpg,66
4994.jpg,86
4995.jpg,66
4996.jpg,86
4997.jpg,26
4998.jpg,52
5000.jpg,0
5001.jpg,57
5002.jpg,22
5003.jpg,22
5004.jpg,22
5005.jpg,51
5006.jpg,51
5007.jpg,47
5008.jpg,51
5009.jpg,47
5011.jpg,47
5012.jpg,47
5013.jpg,94
5014.jpg,57
5015.jpg,27
5017.jpg,57
5018.jpg,27
5019.jpg,31
5020.jpg,94
5021.jpg,94
5022.jpg,94
5023.jpg,94
5024.jpg,94
5027.jpg,27
5037.jpg,68
5038.jpg,24
5040.jpg,52
5042.jpg,45
5043.jpg,24
5045.jpg,86
5046.jpg,68
5047.jpg,86
5049.jpg,24
5050.jpg,59
5052.jpg,61
5053.jpg,86
5054.jpg,34
5055.jpg,86
5067.jpg,82
5068.jpg,82
5069.jpg,82
5070.jpg,82
5071.jpg,82
5072.jpg,82
5073.jpg,82
5074.jpg,82
5075.jpg,82
5076.jpg,82
5077.jpg,82
5078.jpg,82
5079.jpg,82
5080.jpg,82
5081.jpg,82
5214.jpg,95
5215.jpg,47
5216.jpg,95
5217.jpg,3
5218.jpg,3
5219.jpg,73
5220.jpg,3
5221.jpg,3
5222.jpg,20
5223.jpg,3
5224.jpg,89
5225.jpg,35
5226.jpg,62
5227.jpg,89
5228.jpg,19
5229.jpg,20
5234.jpg,87
5238.jpg,52
5239.jpg,83
5240.jpg,66
5241.jpg,87
5242.jpg,70
5243.jpg,90
5248.jpg,70
5251.jpg,20
5252.jpg,3
5253.jpg,89
5254.jpg,89
5255.jpg,20
5256.jpg,19
5257.jpg,51
5258.jpg,19
5259.jpg,78
5260.jpg,89
5261.jpg,36
5262.jpg,78
5263.jpg,89
5264.jpg,78
5265.jpg,89
5266.jpg,3
5267.jpg,3
5268.jpg,73
5269.jpg,89
5270.jpg,20
5271.jpg,78
5272.jpg,73
5273.jpg,52
5286.jpg,19
5287.jpg,40
5288.jpg,53
5290.jpg,54
5291.jpg,54
5292.jpg,53
5296.jpg,65
5299.jpg,19
5300.jpg,19
5301.jpg,3
5303.jpg,36
5314.jpg,3
5315.jpg,84
5316.jpg,97
5317.jpg,40
5319.jpg,87
5320.jpg,10
5321.jpg,71
5322.jpg,90
5324.jpg,24
5326.jpg,61
5327.jpg,26
5329.jpg,87
5330.jpg,26
5332.jpg,53
5336.jpg,66
5339.jpg,59
5340.jpg,24
5341.jpg,98
5342.jpg,86
5343.jpg,67
5344.jpg,40
5345.jpg,10
5346.jpg,86
5347.jpg,56
5348.jpg,28
5349.jpg,34
5350.jpg,34
5351.jpg,25
5352.jpg,54
5353.jpg,83
5354.jpg,69
5355.jpg,64
5356.jpg,64
5357.jpg,64
5358.jpg,10
5359.jpg,10
5360.jpg,64
5361.jpg,87
5362.jpg,71
5363.jpg,10
5364.jpg,5
5365.jpg,64
5366.jpg,69
5367.jpg,34
5368.jpg,43
5369.jpg,56
5370.jpg,88
5371.jpg,64
5372.jpg,80
5373.jpg,84
5374.jpg,61
5375.jpg,64
5376.jpg,64
5377.jpg,80
5378.jpg,86
5379.jpg,86
5380.jpg,64
5381.jpg,80
5382.jpg,64
5383.jpg,80
5384.jpg,84
5385.jpg,56
5386.jpg,54
5387.jpg,62
5388.jpg,84
5389.jpg,79
5390.jpg,64
5391.jpg,64
5392.jpg,69
5393.jpg,65
5394.jpg,53
5395.jpg,34
5396.jpg,34
5397.jpg,34
5398.jpg,5
5399.jpg,34
5400.jpg,34
5401.jpg,69
5402.jpg,56
5403.jpg,87
5404.jpg,34
5405.jpg,34
5406.jpg,69
5407.jpg,66
5408.jpg,65
5409.jpg,65
5410.jpg,25
5411.jpg,25
5412.jpg,76
5413.jpg,51
5414.jpg,0
5415.jpg,95
5416.jpg,0
5417.jpg,47
5418.jpg,47
5419.jpg,95
5420.jpg,95
5421.jpg,1
5422.jpg,95
5423.jpg,95
5424.jpg,95
5425.jpg,94
5426.jpg,95
5427.jpg,95
5428.jpg,0
5429.jpg,88
5430.jpg,94
5431.jpg,94
5432.jpg,92
5433.jpg,93
5434.jpg,91
5435.jpg,91
5436.jpg,93
5437.jpg,91
5438.jpg,94
5439.jpg,94
5440.jpg,94
5441.jpg,94
5442.jpg,94
5443.jpg,94
5444.jpg,94
5445.jpg,1
5446.jpg,1
5447.jpg,94
5448.jpg,92
5449.jpg,91
5450.jpg,27
5451.jpg,27
5453.jpg,27
5454.jpg,27
5455.jpg,95
5456.jpg,27
5457.jpg,57
5458.jpg,57
5459.jpg,71
5460.jpg,88
5461.jpg,88
5462.jpg,67
5463.jpg,68
5464.jpg,26
5465.jpg,88
5466.jpg,24
5467.jpg,59
5468.jpg,24
5469.jpg,26
5470.jpg,26
5471.jpg,70
5472.jpg,85
5473.jpg,86
5474.jpg,24
5475.jpg,29
5476.jpg,83
5477.jpg,25
5478.jpg,70
5479.jpg,86
5480.jpg,52
5481.jpg,88
5482.jpg,86
5483.jpg,26
5484.jpg,24
5485.jpg,67
5486.jpg,95
5505.jpg,32
5506.jpg,47
5507.jpg,93
5519.jpg,88
5525.jpg,70
5530.jpg,52
5531.jpg,66
5532.jpg,67
5533.jpg,46
5534.jpg,45
5535.jpg,67
5536.jpg,66
5537.jpg,88
5538.jpg,88
5539.jpg,86
5540.jpg,86
5541.jpg,66
5542.jpg,62
5543.jpg,1
5544.jpg,91
5545.jpg,93
5546.jpg,93
5547.jpg,91
5566.jpg,47
5567.jpg,67
5568.jpg,70
5569.jpg,67
5570.jpg,51
5571.jpg,67
5572.jpg,84
5573.jpg,90
5574.jpg,24
5575.jpg,51
5576.jpg,46
5577.jpg,24
5578.jpg,88
5579.jpg,26
5580.jpg,24
5581.jpg,51
5582.jpg,72
5583.jpg,53
5584.jpg,62
5585.jpg,24
5586.jpg,22
5588.jpg,59
5589.jpg,67
5590.jpg,70
5594.jpg,60
5595.jpg,59
5599.jpg,65
5600.jpg,62
5601.jpg,60
5602.jpg,52
5603.jpg,60
5604.jpg,29
5605.jpg,29
5606.jpg,65
5608.jpg,65
5609.jpg,65
5610.jpg,70
5611.jpg,65
5614.jpg,65
5615.jpg,65
5616.jpg,98
5617.jpg,65
5618.jpg,83
5619.jpg,5
5620.jpg,45
5621.jpg,52
5622.jpg,60
5625.jpg,52
5627.jpg,52
5628.jpg,52
5629.jpg,41
5630.jpg,60
5631.jpg,60
5635.jpg,52
5638.jpg,52
5641.jpg,84
5646.jpg,52
5647.jpg,71
5654.jpg,45
5665.jpg,10
5673.jpg,40
5674.jpg,40
5675.jpg,54
5676.jpg,59
5677.jpg,97
5678.jpg,97
5679.jpg,54
5680.jpg,26
5681.jpg,26
5682.jpg,53
5683.jpg,26
5684.jpg,26
5685.jpg,26
5686.jpg,26
5687.jpg,53
5688.jpg,53
5689.jpg,26
5690.jpg,26
5691.jpg,88
5692.jpg,40
5693.jpg,26
5694.jpg,53
5696.jpg,53
5697.jpg,26
5698.jpg,53
5699.jpg,26
5700.jpg,59
5701.jpg,26
5702.jpg,26
5703.jpg,26
5704.jpg,40
5705.jpg,88
5706.jpg,54
5707.jpg,53
5709.jpg,52
5710.jpg,70
5712.jpg,88
5714.jpg,65
5723.jpg,26
5724.jpg,62
5725.jpg,68
5726.jpg,62
5727.jpg,45
5728.jpg,84
5729.jpg,45
5730.jpg,45
5731.jpg,84
5734.jpg,45
5735.jpg,70
5737.jpg,66
5739.jpg,66
5744.jpg,70
5747.jpg,45
5749.jpg,45
5752.jpg,66
5754.jpg,70
5781.jpg,63
5784.jpg,60
5853.jpg,31
5854.jpg,99
5855.jpg,99
5856.jpg,89
5857.jpg,36
5858.jpg,36
5864.jpg,61
5866.jpg,61
5868.jpg,59
5870.jpg,59
5871.jpg,59
5873.jpg,61
5874.jpg,31
5875.jpg,61
5876.jpg,31
5877.jpg,61
5878.jpg,61
5883.jpg,46
5894.jpg,55
5895.jpg,88
5896.jpg,29
5897.jpg,61
5898.jpg,70
5899.jpg,26
5900.jpg,56
5901.jpg,61
5902.jpg,66
5903.jpg,71
5904.jpg,5
5905.jpg,54
5906.jpg,10
5908.jpg,67
5909.jpg,24
5910.jpg,45
5911.jpg,70
5912.jpg,83
5915.jpg,24
5916.jpg,86
5917.jpg,59
5919.jpg,24
5920.jpg,24
5921.jpg,25
5922.jpg,61
5923.jpg,88
5924.jpg,59
5925.jpg,26
5926.jpg,70
5927.jpg,61
5928.jpg,71
5929.jpg,46
5930.jpg,40
5931.jpg,24
5932.jpg,24
5933.jpg,68
5934.jpg,88
5936.jpg,68
5937.jpg,86
5938.jpg,61
5939.jpg,45
5940.jpg,24
5942.jpg,86
6114.jpg,52
6117.jpg,60
6119.jpg,3
6120.jpg,52
6121.jpg,36
6122.jpg,52
6124.jpg,36
6126.jpg,26
6127.jpg,45
6129.jpg,45
6130.jpg,29
6131.jpg,70
6133.jpg,45
6134.jpg,26
6136.jpg,45
6137.jpg,65
6138.jpg,45
6139.jpg,86
6140.jpg,26
6141.jpg,65
6142.jpg,98
6143.jpg,65
6144.jpg,62
6145.jpg,62
6146.jpg,65
6147.jpg,65
6148.jpg,65
6149.jpg,88
6150.jpg,45
6151.jpg,68
6152.jpg,24
6153.jpg,88
6154.jpg,25
6163.jpg,52
6165.jpg,61
6167.jpg,52
6169.jpg,60
6173.jpg,52
6175.jpg,60
6178.jpg,52
6180.jpg,60
6182.jpg,52
6184.jpg,52
6187.jpg,52
6295.jpg,52
6297.jpg,52
6298.jpg,98
6301.jpg,52
6302.jpg,25
6304.jpg,98
6308.jpg,98
6310.jpg,60
6313.jpg,52
6315.jpg,98
6317.jpg,41
6318.jpg,60
6319.jpg,52
6321.jpg,60
6323.jpg,52
6326.jpg,52
6328.jpg,52
6329.jpg,52
6332.jpg,60
6334.jpg,98
6338.jpg,98
6339.jpg,61
6341.jpg,4
6342.jpg,63
6343.jpg,25
6344.jpg,5
6345.jpg,88
6347.jpg,61
6348.jpg,41
6349.jpg,29
6350.jpg,81
6351.jpg,81
6352.jpg,81
6353.jpg,81
6356.jpg,61
6357.jpg,29
6359.jpg,59
6360.jpg,61
6361.jpg,59
6362.jpg,59
6363.jpg,61
6366.jpg,81
6368.jpg,61
6370.jpg,61
6371.jpg,59
6372.jpg,61
6373.jpg,88
6374.jpg,61
6376.jpg,59
6377.jpg,59
6378.jpg,26
6379.jpg,59
6380.jpg,68
6381.jpg,68
6382.jpg,9
6383.jpg,59
6385.jpg,87
6386.jpg,24
6387.jpg,86
6388.jpg,88
6389.jpg,43
6390.jpg,65
6391.jpg,65
6392.jpg,65
6393.jpg,65
6394.jpg,65
6395.jpg,65
6396.jpg,65
6397.jpg,65
6398.jpg,62
6399.jpg,52
6400.jpg,65
6401.jpg,65
6402.jpg,65
6403.jpg,65
6404.jpg,65
6405.jpg,98
6406.jpg,24
6407.jpg,65
6408.jpg,65
6409.jpg,24
6410.jpg,24
6411.jpg,52
6412.jpg,24
6413.jpg,61
6414.jpg,60
6415.jpg,61
6416.jpg,61
6417.jpg,61
6418.jpg,52
6419.jpg,52
6420.jpg,87
6421.jpg,52
6422.jpg,61
6423.jpg,52
6424.jpg,52
6425.jpg,59
6426.jpg,61
6427.jpg,61
6428.jpg,59
6429.jpg,61
6430.jpg,61
6431.jpg,61
6432.jpg,61
6433.jpg,59
6434.jpg,59
6435.jpg,59
6436.jpg,83
6437.jpg,25
6438.jpg,60
6439.jpg,60
6440.jpg,26
6441.jpg,83
6442.jpg,52
6443.jpg,52
6444.jpg,52
6445.jpg,34
6446.jpg,68
6447.jpg,60
6448.jpg,53
6449.jpg,60
6450.jpg,26
6451.jpg,9
6452.jpg,60
6453.jpg,62
6454.jpg,52
6455.jpg,52
6456.jpg,70
6457.jpg,9
6458.jpg,61
6459.jpg,52
6460.jpg,26
6461.jpg,60
6462.jpg,26
6463.jpg,52
6464.jpg,52
6465.jpg,69
6466.jpg,60
6467.jpg,68
6468.jpg,59
6469.jpg,59
6470.jpg,53
6483.jpg,26
6486.jpg,29
6487.jpg,26
6490.jpg,40
6491.jpg,53
6494.jpg,53
6495.jpg,26
6497.jpg,26
6499.jpg,54
6502.jpg,54
6503.jpg,54
6505.jpg,54
6507.jpg,54
6509.jpg,40
6510.jpg,54
6511.jpg,53
6514.jpg,3
6515.jpg,77
6516.jpg,77
6517.jpg,36
6518.jpg,73
6519.jpg,57
6520.jpg,36
6521.jpg,27
6522.jpg,22
6523.jpg,57
6524.jpg,22
6525.jpg,22
6526.jpg,57
6527.jpg,22
6528.jpg,93
6529.jpg,93
6530.jpg,93
6531.jpg,73
6532.jpg,51
6533.jpg,78
6534.jpg,93
6535.jpg,89
6536.jpg,27
6537.jpg,36
6538.jpg,93
6539.jpg,36
6540.jpg,93
6541.jpg,73
6542.jpg,92
6543.jpg,92
6544.jpg,36
6545.jpg,20
6546.jpg,36
6547.jpg,94
6548.jpg,36
6549.jpg,93
6550.jpg,3
6551.jpg,47
6552.jpg,93
6553.jpg,36
6554.jpg,36
6555.jpg,36
6556.jpg,93
6557.jpg,77
6558.jpg,93
6559.jpg,36
6560.jpg,73
6561.jpg,32
6562.jpg,93
6563.jpg,3
6564.jpg,27
6565.jpg,3
6566.jpg,27
6567.jpg,1
6568.jpg,92
6569.jpg,93
6572.jpg,92
6574.jpg,22
6577.jpg,91
6579.jpg,27
6581.jpg,93
6584.jpg,91
6588.jpg,57
6590.jpg,94
6619.jpg,85
6620.jpg,34
6621.jpg,84
6622.jpg,84
6623.jpg,85
6624.jpg,67
6625.jpg,45
6626.jpg,66
6627.jpg,85
6628.jpg,66
6629.jpg,84
6630.jpg,45
6631.jpg,83
6632.jpg,70
6634.jpg,97
6635.jpg,24
6636.jpg,24
6637.jpg,41
6638.jpg,25
6639.jpg,67
6640.jpg,84
6641.jpg,84
6642.jpg,45
6643.jpg,66
6644.jpg,70
6645.jpg,88
6646.jpg,86
6647.jpg,67
6648.jpg,24
6649.jpg,5
6650.jpg,88
6651.jpg,29
6652.jpg,86
6653.jpg,24
6654.jpg,29
6655.jpg,29
6656.jpg,5
6657.jpg,52
6658.jpg,24
6659.jpg,52
6660.jpg,59
6661.jpg,86
6663.jpg,70
6664.jpg,45
6665.jpg,5
6666.jpg,52
6667.jpg,87
6668.jpg,61
6669.jpg,83
6670.jpg,5
6671.jpg,88
6672.jpg,61
6673.jpg,68
6674.jpg,86
6675.jpg,83
6676.jpg,46
6677.jpg,86
6678.jpg,61
6679.jpg,65
6680.jpg,83
6681.jpg,24
6682.jpg,67
6689.jpg,51
6691.jpg,51
6692.jpg,51
6694.jpg,76
6696.jpg,76
6697.jpg,76
6699.jpg,76
6700.jpg,76
6704.jpg,76
6705.jpg,55
6709.jpg,24
6710.jpg,68
6725.jpg,4
6726.jpg,60
6727.jpg,98
6728.jpg,24
6729.jpg,65
6731.jpg,86
6733.jpg,61
6734.jpg,70
6735.jpg,88
6736.jpg,65
6738.jpg,76
6739.jpg,25
6740.jpg,84
6741.jpg,67
6742.jpg,70
6743.jpg,52
6744.jpg,59
6745.jpg,45
6746.jpg,62
6747.jpg,70
6748.jpg,46
6751.jpg,46
6752.jpg,46
6753.jpg,52
6754.jpg,46
6755.jpg,46
6756.jpg,46
6797.jpg,73
6798.jpg,76
6799.jpg,46
6800.jpg,61
6801.jpg,61
6802.jpg,40
6803.jpg,40
6804.jpg,40
6805.jpg,40
6806.jpg,53
6807.jpg,53
6808.jpg,53
6809.jpg,97
6810.jpg,97
6811.jpg,61
6812.jpg,71
6813.jpg,53
6814.jpg,40
6815.jpg,86
6816.jpg,40
6817.jpg,52
6818.jpg,52
6819.jpg,60
6820.jpg,9
6821.jpg,98
6822.jpg,65
6823.jpg,65
6824.jpg,65
6825.jpg,65
6826.jpg,65
6827.jpg,41
6829.jpg,70
6830.jpg,83
6831.jpg,68
6832.jpg,26
6833.jpg,83
6834.jpg,96
6835.jpg,96
6836.jpg,21
6837.jpg,96
6838.jpg,96
6839.jpg,38
6840.jpg,72
6841.jpg,21
6842.jpg,72
6843.jpg,12
6844.jpg,37
6845.jpg,72
6848.jpg,83
6852.jpg,45
6853.jpg,66
6854.jpg,86
6855.jpg,66
6856.jpg,68
6912.jpg,65
6913.jpg,65
6914.jpg,65
6961.jpg,67
7036.jpg,59
7037.jpg,26
7038.jpg,59
7039.jpg,68
7040.jpg,59
7041.jpg,26
7042.jpg,59
7043.jpg,69
7044.jpg,59
7045.jpg,59
7046.jpg,24
7047.jpg,69
7048.jpg,59
7056.jpg,36
7057.jpg,3
7058.jpg,3
7059.jpg,16
7060.jpg,20
7061.jpg,73
7062.jpg,3
7063.jpg,36
7064.jpg,3
7065.jpg,36
7066.jpg,20
7067.jpg,36
7071.jpg,78
7072.jpg,73
7073.jpg,78
7074.jpg,36
7075.jpg,20
7076.jpg,73
7077.jpg,36
7078.jpg,3
7079.jpg,89
7080.jpg,3
7081.jpg,89
7082.jpg,3
7083.jpg,3
7084.jpg,3
7085.jpg,89
7086.jpg,63
7087.jpg,72
7088.jpg,20
7089.jpg,20
7090.jpg,20
7091.jpg,20
7092.jpg,3
7093.jpg,20
7096.jpg,3
7097.jpg,36
7098.jpg,20
7099.jpg,36
7100.jpg,89
7101.jpg,89
7102.jpg,19
7103.jpg,3
7104.jpg,73
7105.jpg,20
7106.jpg,73
7107.jpg,20
7108.jpg,20
7109.jpg,77
7110.jpg,3
7111.jpg,3
7112.jpg,36
7113.jpg,19
7114.jpg,20
7115.jpg,89
7116.jpg,89
7117.jpg,20
7118.jpg,36
7119.jpg,3
7120.jpg,78
7121.jpg,3
7122.jpg,36
7123.jpg,19
7124.jpg,78
7126.jpg,57
7128.jpg,57
7131.jpg,27
7133.jpg,57
7134.jpg,27
7136.jpg,57
7137.jpg,27
7178.jpg,57
7179.jpg,57
7180.jpg,57
7182.jpg,57
7185.jpg,57
7186.jpg,57
7187.jpg,57
7188.jpg,57
7189.jpg,57
7190.jpg,57
7191.jpg,57
7192.jpg,57
7193.jpg,57
7216.jpg,97
7218.jpg,97
7219.jpg,54
7220.jpg,97
7221.jpg,97
7222.jpg,87
7223.jpg,97
7224.jpg,97
7226.jpg,97
7227.jpg,97
7228.jpg,54
7230.jpg,40
7231.jpg,54
7232.jpg,97
7233.jpg,97
7234.jpg,97
7235.jpg,97
7236.jpg,54
7237.jpg,97
7238.jpg,53
7239.jpg,97
7240.jpg,97
7241.jpg,97
7242.jpg,97
7243.jpg,97
7244.jpg,97
7246.jpg,67
7247.jpg,97
7248.jpg,97
7249.jpg,53
7250.jpg,97
7251.jpg,97
7252.jpg,97
7253.jpg,26
7254.jpg,97
7255.jpg,83
7256.jpg,53
7257.jpg,97
7258.jpg,26
7259.jpg,87
7260.jpg,52
7261.jpg,40
7262.jpg,26
7263.jpg,97
7266.jpg,57
7267.jpg,53
7319.jpg,65
7320.jpg,29
7321.jpg,40
7322.jpg,40
7323.jpg,87
7324.jpg,53
7325.jpg,40
7326.jpg,97
7327.jpg,59
7328.jpg,54
7329.jpg,97
7330.jpg,65
7331.jpg,97
7332.jpg,26
7363.jpg,97
7364.jpg,40
7365.jpg,40
7366.jpg,40
7367.jpg,40
7368.jpg,53
7369.jpg,97
7370.jpg,53
7371.jpg,53
7372.jpg,54
7373.jpg,26
7374.jpg,40
7375.jpg,29
7376.jpg,59
7377.jpg,40
7378.jpg,63
7379.jpg,53
7380.jpg,40
7381.jpg,54
7382.jpg,54
7383.jpg,40
7384.jpg,54
7385.jpg,54
7386.jpg,97
7387.jpg,54
7388.jpg,54
7389.jpg,54
7390.jpg,53
7391.jpg,54
7392.jpg,40
7393.jpg,54
7394.jpg,54
7395.jpg,59
7396.jpg,54
7397.jpg,54
7398.jpg,40
7399.jpg,54
7400.jpg,40
7401.jpg,53
7402.jpg,54
7403.jpg,40
7404.jpg,53
7405.jpg,26
7406.jpg,54
7407.jpg,53
7408.jpg,54
7480.jpg,93
7481.jpg,1
7482.jpg,47
7483.jpg,92
7484.jpg,93
7486.jpg,57
7487.jpg,57
7488.jpg,57
7489.jpg,27
7490.jpg,57
7491.jpg,78
7492.jpg,57
7493.jpg,57
7494.jpg,93
7495.jpg,92
7496.jpg,93
7497.jpg,22
7498.jpg,93
7499.jpg,93
7500.jpg,93
7501.jpg,47
7502.jpg,57
7503.jpg,91
7504.jpg,93
7505.jpg,91
7506.jpg,92
7507.jpg,57
7508.jpg,91
7509.jpg,95
7510.jpg,57
7511.jpg,57
7512.jpg,92
7513.jpg,91
7514.jpg,27
7515.jpg,47
7516.jpg,47
7517.jpg,91
7518.jpg,89
7519.jpg,91
7520.jpg,91
7521.jpg,92
7522.jpg,73
7523.jpg,36
7524.jpg,92
7525.jpg,91
7526.jpg,92
7527.jpg,1
7528.jpg,91
7529.jpg,91
7530.jpg,91
7531.jpg,92
7532.jpg,91
7533.jpg,27
7534.jpg,91
7535.jpg,91
7536.jpg,91
7537.jpg,57
7538.jpg,92
7539.jpg,1
7540.jpg,93
7541.jpg,93
7542.jpg,27
7543.jpg,92
7544.jpg,27
7545.jpg,91
7546.jpg,91
7547.jpg,57
7548.jpg,92
7549.jpg,57
7550.jpg,94
7551.jpg,93
7552.jpg,91
7553.jpg,57
7554.jpg,92
7555.jpg,91
7556.jpg,93
7557.jpg,27
7558.jpg,92
7559.jpg,92
7560.jpg,57
7561.jpg,94
7562.jpg,92
7563.jpg,92
7564.jpg,94
7565.jpg,92
7566.jpg,92
7567.jpg,91
7568.jpg,94
7569.jpg,91
7570.jpg,91
7571.jpg,94
7572.jpg,93
7573.jpg,91
7574.jpg,94
7575.jpg,24
7576.jpg,83
7577.jpg,92
7578.jpg,66
7579.jpg,95
7580.jpg,91
7581.jpg,71
7582.jpg,1
7583.jpg,92
7584.jpg,83
7585.jpg,92
7586.jpg,26
7587.jpg,61
7588.jpg,61
7589.jpg,26
7590.jpg,91
7591.jpg,1
7592.jpg,26
7593.jpg,88
7594.jpg,66
7595.jpg,60
7596.jpg,1
7597.jpg,24
7598.jpg,93
7599.jpg,68
7600.jpg,24
7601.jpg,88
7602.jpg,67
7603.jpg,68
7604.jpg,5
7605.jpg,45
7606.jpg,41
7607.jpg,93
7608.jpg,72
7609.jpg,72
7610.jpg,89
7611.jpg,72
7612.jpg,78
7613.jpg,72
7614.jpg,89
7615.jpg,72
7616.jpg,89
7617.jpg,35
7618.jpg,72
7619.jpg,35
7621.jpg,76
7622.jpg,12
7623.jpg,76
7624.jpg,12
7625.jpg,12
7626.jpg,12
7630.jpg,12
7631.jpg,27
7632.jpg,12
7633.jpg,27
7635.jpg,57
7636.jpg,57
7638.jpg,12
7640.jpg,12
7644.jpg,12
7646.jpg,12
7648.jpg,76
7649.jpg,76
7651.jpg,76
7653.jpg,76
7654.jpg,76
7656.jpg,76
7657.jpg,76
7659.jpg,76
7661.jpg,76
7662.jpg,76
7664.jpg,76
7665.jpg,76
7667.jpg,76
7668.jpg,76
7670.jpg,76
7671.jpg,76
7673.jpg,76
7675.jpg,76
7676.jpg,76
7678.jpg,76
7680.jpg,76
7681.jpg,76
7687.jpg,27
7688.jpg,27
7695.jpg,27
7707.jpg,57
7708.jpg,57
7709.jpg,57
7710.jpg,5
7712.jpg,88
7713.jpg,26
7714.jpg,26
7715.jpg,68
7716.jpg,86
7717.jpg,68
7719.jpg,24
7721.jpg,67
7722.jpg,24
7723.jpg,52
7724.jpg,70
7726.jpg,68
7727.jpg,66
7728.jpg,70
7729.jpg,88
7730.jpg,65
7731.jpg,25
7732.jpg,35
7733.jpg,86
7734.jpg,35
7735.jpg,62
7736.jpg,35
7737.jpg,35
7739.jpg,35
7741.jpg,87
7746.jpg,88
7748.jpg,87
7753.jpg,26
7754.jpg,66
7767.jpg,57
7768.jpg,92
7769.jpg,92
7770.jpg,72
7771.jpg,52
7772.jpg,52
7773.jpg,60
7774.jpg,86
7775.jpg,86
7776.jpg,59
7777.jpg,41
7778.jpg,59
7779.jpg,59
7780.jpg,19
7781.jpg,20
7782.jpg,57
7783.jpg,57
7797.jpg,86
7799.jpg,24
7802.jpg,59
7804.jpg,26
7805.jpg,59
7806.jpg,24
7807.jpg,5
7809.jpg,26
7810.jpg,68
7812.jpg,90
7813.jpg,86
7816.jpg,59
7822.jpg,24
7824.jpg,5
7826.jpg,61
7828.jpg,25
7830.jpg,62
7833.jpg,59
7835.jpg,86
7836.jpg,90
7838.jpg,83
7840.jpg,5
7841.jpg,84
7842.jpg,62
7843.jpg,70
7844.jpg,5
7845.jpg,62
7846.jpg,62
7852.jpg,36
7853.jpg,36
7854.jpg,36
7858.jpg,54
7860.jpg,54
7863.jpg,40
7864.jpg,40
7866.jpg,40
7869.jpg,40
7871.jpg,54
7874.jpg,40
7875.jpg,27
7876.jpg,54
7877.jpg,54
7878.jpg,27
7879.jpg,27
7880.jpg,40
7881.jpg,54
7882.jpg,27
7883.jpg,27
7884.jpg,57
7885.jpg,57
7887.jpg,57
7889.jpg,57
7890.jpg,57
7892.jpg,27
7895.jpg,27
7896.jpg,27
7898.jpg,27
7902.jpg,27
7931.jpg,57
7932.jpg,57
7935.jpg,27
7940.jpg,57
7966.jpg,62
7968.jpg,65
7969.jpg,65
7970.jpg,65
7971.jpg,26
7985.jpg,65
7987.jpg,26
8020.jpg,57
8022.jpg,57
8026.jpg,57
8030.jpg,57
8063.jpg,40
8064.jpg,72
8065.jpg,72
8066.jpg,72
8067.jpg,72
8068.jpg,72
8071.jpg,87
8072.jpg,87
8073.jpg,68
8074.jpg,67
8075.jpg,65
8076.jpg,68
8077.jpg,52
8078.jpg,52
8079.jpg,52
8080.jpg,66
8081.jpg,90
8082.jpg,62
8083.jpg,5
8084.jpg,83
8085.jpg,67
8086.jpg,65
8087.jpg,84
8088.jpg,88
8089.jpg,26
8090.jpg,65
8091.jpg,83
8092.jpg,68
8093.jpg,67
8094.jpg,60
8095.jpg,82
8096.jpg,30
8098.jpg,82
8099.jpg,30
8100.jpg,30
8101.jpg,30
8102.jpg,30
8103.jpg,62
8104.jpg,82
8106.jpg,82
8107.jpg,82
8108.jpg,82
8109.jpg,12
8110.jpg,82
8111.jpg,12
8112.jpg,82
8113.jpg,12
8114.jpg,12
8115.jpg,30
8116.jpg,82
8117.jpg,82
8118.jpg,12
8119.jpg,12
8120.jpg,12
8121.jpg,12
8122.jpg,8
8123.jpg,12
8124.jpg,30
8125.jpg,12
8126.jpg,12
8129.jpg,12
8130.jpg,12
8131.jpg,30
8132.jpg,30
8133.jpg,30
8134.jpg,30
8135.jpg,30
8136.jpg,82
8137.jpg,30
8138.jpg,82
8139.jpg,82
8140.jpg,30
8141.jpg,30
8142.jpg,30
8143.jpg,82
8144.jpg,30
8145.jpg,30
8146.jpg,82
8169.jpg,98
8172.jpg,65
8175.jpg,63
8210.jpg,53
8211.jpg,30
8212.jpg,30
8214.jpg,67
8215.jpg,71
8216.jpg,5
8218.jpg,46
8219.jpg,55
8220.jpg,59
8221.jpg,36
8222.jpg,36
8223.jpg,19
8224.jpg,65
8227.jpg,89
8228.jpg,89
8229.jpg,73
8231.jpg,36
8232.jpg,78
8234.jpg,78
8235.jpg,89
8236.jpg,54
8237.jpg,89
8238.jpg,53
8239.jpg,78
8240.jpg,89
8242.jpg,59
8243.jpg,89
8244.jpg,89
8245.jpg,52
8246.jpg,89
8247.jpg,26
8248.jpg,89
8249.jpg,59
8250.jpg,89
8251.jpg,89
8252.jpg,32
8253.jpg,32
8254.jpg,32
8255.jpg,50
8256.jpg,70
8257.jpg,50
8258.jpg,46
8259.jpg,32
8260.jpg,32
8262.jpg,78
8264.jpg,78
8266.jpg,73
8267.jpg,73
8284.jpg,26
8289.jpg,29
8298.jpg,10
8299.jpg,88
8300.jpg,83
8302.jpg,83
8303.jpg,66
8304.jpg,86
8306.jpg,71
8307.jpg,71
8308.jpg,61
8309.jpg,12
8310.jpg,32
8311.jpg,12
8312.jpg,73
8313.jpg,31
8319.jpg,0
8320.jpg,0
8321.jpg,55
8322.jpg,55
8323.jpg,55
8324.jpg,55
8325.jpg,0
8326.jpg,55
8327.jpg,55
8328.jpg,55
8330.jpg,0
8331.jpg,0
8332.jpg,0
8333.jpg,0
8334.jpg,95
8335.jpg,95
8336.jpg,94
8337.jpg,94
8338.jpg,94
8339.jpg,94
8340.jpg,95
8341.jpg,95
8342.jpg,71
8343.jpg,86
8344.jpg,24
8345.jpg,62
8346.jpg,59
8348.jpg,95
8349.jpg,95
8350.jpg,1
8351.jpg,95
8352.jpg,20
8353.jpg,55
8354.jpg,95
8355.jpg,95
8356.jpg,95
8357.jpg,95
8358.jpg,95
8359.jpg,95
8360.jpg,47
8361.jpg,47
8364.jpg,47
8365.jpg,47
8366.jpg,47
8367.jpg,0
8368.jpg,78
8369.jpg,99
8371.jpg,47
8372.jpg,47
8373.jpg,19
8374.jpg,5
8375.jpg,47
8376.jpg,19
8377.jpg,73
8378.jpg,0
8379.jpg,0
8380.jpg,0
8381.jpg,47
8382.jpg,47
8383.jpg,47
8384.jpg,47
8385.jpg,47
8388.jpg,57
8414.jpg,0
8415.jpg,0
8417.jpg,47
8418.jpg,0
8419.jpg,0
8420.jpg,0
8422.jpg,39
8426.jpg,39
8427.jpg,39
8503.jpg,76
8505.jpg,76
8506.jpg,5
8507.jpg,76
8512.jpg,73
8513.jpg,73
8514.jpg,3
8515.jpg,73
8516.jpg,3
8517.jpg,3
8518.jpg,99
8519.jpg,99
8520.jpg,99
8521.jpg,32
8522.jpg,73
8523.jpg,30
8524.jpg,73
8525.jpg,32
8526.jpg,85
8527.jpg,65
8528.jpg,5
8529.jpg,86
8530.jpg,86
8531.jpg,26
8532.jpg,67
8535.jpg,81
8539.jpg,25
8542.jpg,25
8546.jpg,25
8614.jpg,44
8616.jpg,44
8617.jpg,44
8619.jpg,44
8620.jpg,44
8622.jpg,44
8623.jpg,44
8625.jpg,44
8626.jpg,44
8627.jpg,44
8631.jpg,44
8634.jpg,81
8635.jpg,44
8636.jpg,44
8638.jpg,81
8639.jpg,44
8640.jpg,44
8641.jpg,44
8642.jpg,44
8643.jpg,44
8646.jpg,44
8647.jpg,44
8648.jpg,44
8649.jpg,44
8650.jpg,44
8651.jpg,44
8653.jpg,44
8654.jpg,44
8655.jpg,44
8658.jpg,44
8659.jpg,44
8660.jpg,44
8661.jpg,44
8662.jpg,44
8663.jpg,44
8664.jpg,44
8665.jpg,44
8666.jpg,44
8667.jpg,44
8668.jpg,44
8669.jpg,44
8670.jpg,44
8671.jpg,44
8672.jpg,44
8673.jpg,44
8674.jpg,44
8675.jpg,44
8676.jpg,44
8677.jpg,44
8678.jpg,44
8679.jpg,44
8680.jpg,44
8681.jpg,44
8682.jpg,44
8683.jpg,44
8684.jpg,44
8685.jpg,44
8686.jpg,44
8687.jpg,44
8688.jpg,44
8689.jpg,44
8690.jpg,44
8691.jpg,44
8692.jpg,44
8693.jpg,44
8694.jpg,44
8695.jpg,44
8696.jpg,44
8697.jpg,44
8698.jpg,44
8699.jpg,44
8700.jpg,44
8701.jpg,44
8702.jpg,44
8703.jpg,44
8704.jpg,44
8705.jpg,44
8706.jpg,44
8707.jpg,44
8708.jpg,44
8709.jpg,44
8710.jpg,44
8711.jpg,44
8712.jpg,44
8713.jpg,44
8714.jpg,44
8746.jpg,81
8752.jpg,81
8754.jpg,81
8758.jpg,57
8760.jpg,57
8761.jpg,57
8762.jpg,57
8763.jpg,57
8765.jpg,25
8768.jpg,44
8771.jpg,25
8834.jpg,57
8835.jpg,57
8837.jpg,57
8838.jpg,57
8839.jpg,57
8840.jpg,57
8841.jpg,57
8842.jpg,57
8843.jpg,57
8844.jpg,57
8845.jpg,57
8846.jpg,57
8880.jpg,57
8881.jpg,57
8882.jpg,57
8883.jpg,57
8884.jpg,57
8885.jpg,57
8901.jpg,57
8903.jpg,57
8904.jpg,57
8905.jpg,57
8907.jpg,70
8908.jpg,62
8909.jpg,59
8910.jpg,24
8911.jpg,71
8912.jpg,59
8913.jpg,71
8914.jpg,24
8915.jpg,96
8916.jpg,1
8917.jpg,12
8918.jpg,12
8919.jpg,12
8920.jpg,12
8921.jpg,12
8922.jpg,12
8923.jpg,12
8924.jpg,12
8925.jpg,12
8926.jpg,12
8927.jpg,12
8928.jpg,12
8929.jpg,12
8930.jpg,72
8931.jpg,72
8932.jpg,72
8933.jpg,72
8934.jpg,72
8935.jpg,72
8936.jpg,21
8937.jpg,57
8938.jpg,44
8946.jpg,57
8947.jpg,57
8948.jpg,57
8949.jpg,57
8950.jpg,57
8951.jpg,57
8952.jpg,57
8954.jpg,57
8955.jpg,57
8956.jpg,12
8957.jpg,12
8958.jpg,21
8959.jpg,40
8960.jpg,54
8961.jpg,54
8962.jpg,59
8963.jpg,62
8964.jpg,68
8965.jpg,24
8966.jpg,46
8967.jpg,26
8968.jpg,24
8969.jpg,86
8970.jpg,71
8971.jpg,54
8972.jpg,54
8973.jpg,68
8974.jpg,26
8975.jpg,24
8976.jpg,70
8977.jpg,41
8978.jpg,41
8979.jpg,26
8980.jpg,88
8981.jpg,24
8982.jpg,24
8983.jpg,71
8984.jpg,5
8986.jpg,71
8987.jpg,86
8988.jpg,26
8989.jpg,26
8990.jpg,24
8991.jpg,54
8992.jpg,86
8993.jpg,24
8994.jpg,26
8995.jpg,24
8996.jpg,59
8997.jpg,97
8998.jpg,26
8999.jpg,26
9000.jpg,97
9001.jpg,61
9002.jpg,61
9003.jpg,31
9004.jpg,18
9005.jpg,31
9007.jpg,31
9008.jpg,55
9009.jpg,72
9010.jpg,53
9011.jpg,70
9012.jpg,65
9013.jpg,86
9014.jpg,87
9015.jpg,29
9016.jpg,12
9017.jpg,12
9018.jpg,53
9019.jpg,53
9020.jpg,29
9022.jpg,60
9023.jpg,65
9024.jpg,53
9025.jpg,97
9026.jpg,40
9027.jpg,40
9028.jpg,97
9029.jpg,97
9030.jpg,97
9031.jpg,97
9032.jpg,26
9033.jpg,53
9034.jpg,53
9035.jpg,26
9036.jpg,54
9037.jpg,54
9038.jpg,97
9039.jpg,54
9040.jpg,97
9041.jpg,54
9042.jpg,54
9043.jpg,54
9044.jpg,54
9045.jpg,98
9046.jpg,26
9047.jpg,59
9048.jpg,26
9049.jpg,68
9050.jpg,83
9051.jpg,71
9052.jpg,83
9053.jpg,87
9054.jpg,83
9055.jpg,66
9056.jpg,59
9057.jpg,70
9058.jpg,83
9059.jpg,24
9060.jpg,24
9075.jpg,27
9076.jpg,57
9077.jpg,57
9078.jpg,57
9079.jpg,27
9080.jpg,57
9081.jpg,27
9082.jpg,57
9083.jpg,57
9084.jpg,57
9085.jpg,59
9086.jpg,61
9087.jpg,97
9088.jpg,61
9089.jpg,61
9090.jpg,26
9091.jpg,53
9092.jpg,62
9093.jpg,55
9094.jpg,72
9095.jpg,27
9096.jpg,61
9097.jpg,61
9099.jpg,27
9100.jpg,60
9101.jpg,65
9102.jpg,65
9103.jpg,29
9104.jpg,25
9105.jpg,87
9107.jpg,67
9108.jpg,62
9109.jpg,71
9110.jpg,71
9111.jpg,67
9112.jpg,85
9113.jpg,34
9114.jpg,85
9115.jpg,90
9116.jpg,83
9117.jpg,67
9118.jpg,34
9119.jpg,67
9120.jpg,62
9121.jpg,97
9122.jpg,97
9123.jpg,62
9124.jpg,68
9125.jpg,68
9126.jpg,26
9127.jpg,45
9128.jpg,70
9129.jpg,26
9130.jpg,71
9131.jpg,56
9132.jpg,67
9133.jpg,84
9134.jpg,62
9135.jpg,67
9136.jpg,84
9137.jpg,88
9138.jpg,60
9139.jpg,60
9141.jpg,57
9142.jpg,57
9143.jpg,57
9144.jpg,57
9145.jpg,57
9146.jpg,57
9147.jpg,57
9148.jpg,57
9149.jpg,57
9150.jpg,57
9158.jpg,57
9160.jpg,57
9161.jpg,57
9162.jpg,57
9163.jpg,57
9164.jpg,57
9166.jpg,57
9167.jpg,57
9168.jpg,57
9169.jpg,57
9170.jpg,57
9171.jpg,57
9173.jpg,57
9174.jpg,57
9175.jpg,57
9176.jpg,57
9177.jpg,57
9178.jpg,57
9179.jpg,57
9186.jpg,57
9187.jpg,57
9189.jpg,57
9191.jpg,57
9195.jpg,57
9196.jpg,90
9197.jpg,70
9198.jpg,59
9199.jpg,61
9200.jpg,66
9201.jpg,24
9202.jpg,71
9203.jpg,26
9204.jpg,86
9205.jpg,71
9206.jpg,61
9207.jpg,59
9208.jpg,88
9209.jpg,70
9210.jpg,90
9211.jpg,46
9212.jpg,65
9213.jpg,26
9214.jpg,70
9215.jpg,86
9216.jpg,71
9217.jpg,24
9218.jpg,59
9219.jpg,85
9220.jpg,71
9221.jpg,98
9222.jpg,86
9223.jpg,85
9225.jpg,98
9272.jpg,60
9273.jpg,24
9274.jpg,86
9348.jpg,27
9350.jpg,76
9351.jpg,76
9352.jpg,76
9354.jpg,76
9355.jpg,76
9356.jpg,76
9357.jpg,76
9358.jpg,76
9359.jpg,76
9360.jpg,76
9361.jpg,76
9362.jpg,76
9363.jpg,76
9364.jpg,76
9365.jpg,76
9366.jpg,76
9367.jpg,76
9368.jpg,76
9369.jpg,55
9370.jpg,55
9371.jpg,76
9372.jpg,76
9373.jpg,76
9374.jpg,76
9375.jpg,76
9376.jpg,76
9377.jpg,76
9378.jpg,35
9379.jpg,72
9380.jpg,67
9381.jpg,84
9382.jpg,61
9383.jpg,24
9384.jpg,24
9385.jpg,5
9386.jpg,86
9387.jpg,24
9389.jpg,60
9390.jpg,86
9391.jpg,24
9392.jpg,83
9393.jpg,26
9394.jpg,84
9395.jpg,71
9396.jpg,62
9397.jpg,24
9398.jpg,90
9399.jpg,88
9400.jpg,67
9401.jpg,67
9402.jpg,24
9403.jpg,83
9404.jpg,36
9405.jpg,83
9407.jpg,24
9408.jpg,44
9409.jpg,44
9410.jpg,44
9411.jpg,44
9412.jpg,44
9413.jpg,44
9428.jpg,29
9430.jpg,26
9431.jpg,86
9432.jpg,26
9433.jpg,70
9434.jpg,35
9435.jpg,35
9436.jpg,35
9437.jpg,73
9438.jpg,73
9439.jpg,3
9440.jpg,3
9441.jpg,3
9442.jpg,32
9443.jpg,3
9444.jpg,99
9483.jpg,73
9484.jpg,73
9485.jpg,89
9486.jpg,73
9487.jpg,36
9488.jpg,73
9489.jpg,77
9490.jpg,58
9491.jpg,58
9492.jpg,58
9493.jpg,3
9494.jpg,3
9495.jpg,3
9496.jpg,19
9497.jpg,26
9523.jpg,3
9524.jpg,3
9525.jpg,3
9526.jpg,3
9527.jpg,3
9529.jpg,27
9530.jpg,92
9531.jpg,94
9532.jpg,94
9533.jpg,91
9534.jpg,93
9535.jpg,93
9536.jpg,94
9537.jpg,92
9538.jpg,92
9539.jpg,91
9540.jpg,91
9541.jpg,92
9542.jpg,93
9543.jpg,93
9545.jpg,93
9546.jpg,93
9547.jpg,92
9548.jpg,94
9549.jpg,93
9550.jpg,95
9551.jpg,93
9552.jpg,91
9553.jpg,92
9554.jpg,93
9555.jpg,93
9556.jpg,92
9557.jpg,91
9558.jpg,93
9559.jpg,91
9560.jpg,1
9562.jpg,97
9571.jpg,32
9572.jpg,89
9573.jpg,99
9574.jpg,77
9575.jpg,78
9576.jpg,58
9577.jpg,31
9578.jpg,31
9579.jpg,32
9580.jpg,3
9581.jpg,77
9582.jpg,77
9583.jpg,77
9584.jpg,31
9585.jpg,33
9586.jpg,78
9587.jpg,78
9696.jpg,97
9697.jpg,26
9698.jpg,40
9699.jpg,97
9700.jpg,97
9701.jpg,54
9702.jpg,97
9703.jpg,40
9704.jpg,40
9705.jpg,53
9706.jpg,65
9707.jpg,53
